{
  "n": 1140,
  "ece": 0.03961846626302841,
  "brier": 0.6183154265875969,
  "log_loss": 1.6985704418740708
}